timestamp,left_motor,right_motor,throttle,turn,left_trigger,right_trigger
1778600032.3124979,0.0,0.0,0.0,0.0,0.0,0.0
1778600032.3549726,0.0,0.0,0.0,0.0,0.0,0.0
1778600032.401869,0.0,0.0,0.0,0.0,0.0,0.0
1778600032.4494526,0.0,0.0,0.0,0.0,0.0,0.0
1778600032.4964,0.0,0.0,0.0,0.0,0.0,0.0
1778600032.5476544,0.0,0.0,0.0,0.0,0.0,0.0
1778600032.590662,0.0,0.0,0.0,0.0,0.0,0.0
1778600032.6404538,0.0,0.0,0.0,0.0,0.0,0.0
1778600032.6863744,0.0,0.0,0.0,0.0,0.0,0.0
1778600032.7346847,0.0,0.0,0.0,0.0,0.0,0.0
1778600032.7841964,0.0,0.0,0.0,0.0,0.0,0.0
1778600032.8321571,0.0,0.0,0.0,0.0,0.0,0.0
1778600032.8880484,0.0,0.0,0.0,0.0,0.0,0.0
1778600032.9314387,0.0,0.0,0.0,0.0,0.0,0.0
1778600032.9742453,0.0,0.0,0.0,0.0,0.0,0.0
1778600033.0228326,0.0,0.0,0.0,0.0,0.0,0.0
1778600033.0669389,0.0,0.0,0.0,0.0,0.0,0.0
1778600033.1253574,0.0,0.0,0.0,0.0,0.0,0.0
1778600033.1654875,0.0,0.0,0.0,0.0,0.0,0.0
1778600033.2154865,0.0,0.0,0.0,0.0,0.0,0.0
1778600033.275102,0.0,0.0,0.0,0.0,0.0,0.0
1778600033.308428,0.0,0.0,0.0,0.0,0.0,0.0
1778600033.3554704,0.0,0.0,0.0,0.0,0.0,0.0
1778600033.4072871,0.0,0.0,0.0,0.0,0.0,0.0
1778600033.4479182,0.0,0.0,0.0,0.0,0.0,0.0
1778600033.499199,0.0,0.0,0.0,0.0,0.0,0.0
1778600033.5469418,0.0,0.0,0.0,0.0,0.0,0.0
1778600033.5935957,0.0,0.0,0.0,0.0,0.0,0.0
1778600033.6399734,0.0,0.0,0.0,0.0,0.0,0.0
1778600033.6881242,0.0,0.0,0.0,0.0,0.0,0.0
1778600033.7373235,0.0,0.0,0.0,0.0,0.0,0.0
1778600033.7802985,0.0,0.0,0.0,0.0,0.0,0.0
1778600033.8290484,0.0,0.0,0.0,0.0,0.0,0.0
1778600033.8747642,0.0,0.0,0.0,0.0,0.0,0.0
1778600033.9255867,0.0,0.0,0.0,0.0,0.0,0.0
1778600033.9712753,0.0,0.0,0.0,0.0,0.0,0.0
1778600034.020782,0.0,0.0,0.0,0.0,0.0,0.0
1778600034.0718365,0.0,0.0,0.0,0.0,0.0,0.0
1778600034.1208937,0.0,0.0,0.0,0.0,0.0,0.0
1778600034.1651013,0.0,0.0,0.0,0.0,0.0,0.0
1778600034.215869,0.0,0.0,0.0,0.0,0.0,0.0
1778600034.2617543,0.0,0.0,0.0,0.0,0.0,0.0
1778600034.3104546,0.0,0.0,0.0,0.0,0.0,0.0
1778600034.357065,0.0,0.0,0.0,0.0,0.0,0.0
1778600034.399173,0.0,0.0,0.0,0.0,0.0,0.0
1778600034.4499464,0.0,0.0,0.0,0.0,0.0,0.0
1778600034.511203,0.0,0.0,0.0,0.0,0.0,0.0
1778600034.5487106,0.0,0.0,0.0,0.0,0.0,0.0
1778600034.594603,0.0,0.0,0.0,0.0,0.0,0.0
1778600034.637588,0.0,0.0,0.0,0.0,0.0,0.0
1778600034.6858695,0.0,0.0,0.0,0.0,0.0,0.0
1778600034.7360902,0.0,0.0,0.0,0.0,0.0,0.0
1778600034.7826612,0.0,0.0,0.0,0.0,0.0,0.0
1778600034.8368185,0.0,0.0,0.0,0.0,0.0,0.0
1778600034.8816328,0.0,0.0,0.0,0.0,0.0,0.0
1778600034.9324844,0.0,0.0,0.0,0.0,0.0,0.0
1778600034.9764705,0.0,0.0,0.0,0.0,0.0,0.0
1778600035.0196805,0.0,0.0,0.0,0.0,0.0,0.0
1778600035.0698175,0.0,0.0,0.0,0.0,0.0,0.0
1778600035.1185575,0.0,0.0,0.0,0.0,0.0,0.0
1778600035.1616926,0.0,0.0,0.0,0.0,0.0,0.0
1778600035.212242,0.0,0.0,0.0,0.0,0.0,0.0
1778600035.2589703,0.0,0.0,0.0,0.0,0.0,0.0
1778600035.3061898,0.0,0.0,0.0,0.0,0.0,0.0
1778600035.3559477,0.0,0.0,0.0,0.0,0.0,0.0
1778600035.4039578,0.0,0.0,0.0,0.0,0.0,0.0
1778600035.4477143,0.0,0.0,0.0,0.0,0.0,0.0
1778600035.5007493,0.0,0.0,0.0,0.0,0.0,0.0
1778600035.5566385,0.0,0.0,0.0,0.0,0.0,0.0
1778600035.5949788,0.0,0.0,0.0,0.0,0.0,0.0
1778600035.6433802,0.0,0.0,0.0,0.0,0.0,0.0
1778600035.691778,0.0,0.0,0.0,0.0,0.0,0.0
1778600035.7378607,0.0,0.0,0.0,0.0,0.0,0.0
1778600035.7864916,0.0,0.0,0.0,0.0,0.0,0.0
1778600035.8375618,0.0,0.0,0.0,0.0,0.0,0.0
1778600035.880198,0.0,0.0,0.0,0.0,0.0,0.0
1778600035.9259424,0.0,0.0,0.0,0.0,0.0,0.0
1778600035.9753098,0.0,0.0,0.0,0.0,0.0,0.0
1778600036.0206027,0.0,0.0,0.0,0.0,0.0,0.0
1778600036.0731075,0.0,0.0,0.0,0.0,0.0,0.0
1778600036.139152,0.0,0.0,0.0,0.0,0.0,0.0
1778600036.185567,0.0,0.0,0.0,0.0,0.0,0.0
1778600036.2146902,0.0,0.0,0.0,0.0,0.0,0.0
1778600036.2677476,0.0,0.0,0.0,0.0,0.0,0.0
1778600036.3141937,0.0,0.0,0.0,0.0,0.0,0.0
1778600036.3666873,0.0,0.0,0.0,0.0,0.0,0.0
1778600036.4060001,0.0,0.0,0.0,0.0,0.0,0.0
1778600036.4702818,0.0,0.0,0.0,0.0,0.0,0.0
1778600036.5073414,0.0,0.0,0.0,0.0,0.0,0.0
1778600036.578893,0.0,0.0,0.0,0.0,0.0,0.0
1778600036.6045547,0.0,0.0,0.0,0.0,0.0,0.0
1778600036.651189,0.0,0.0,0.0,0.0,0.0,0.0
1778600036.697046,0.0,0.0,0.0,0.0,0.0,0.0
1778600036.736688,0.0,0.0,0.0,0.0,0.0,0.0
1778600036.7895663,0.0,0.0,0.0,0.0,0.0,0.0
1778600036.8392794,0.0,0.0,0.0,0.0,0.0,0.0
1778600036.8809319,0.0,0.0,0.0,0.0,0.0,0.0
1778600036.9313414,0.0,0.0,0.0,0.0,0.0,0.0
1778600036.9819942,0.0,0.0,0.0,0.0,0.0,0.0
1778600037.0203748,0.0,0.0,0.0,0.0,0.0,0.0
1778600037.0743244,0.0,0.0,0.0,0.0,0.0,0.0
1778600037.1262126,0.0,0.0,0.0,0.0,0.0,0.0
1778600037.1663015,0.0,0.0,0.0,0.0,0.0,0.0
1778600037.2237358,0.0,0.0,0.0,0.0,0.0,0.0
1778600037.2679038,0.0,0.0,0.0,0.0,0.0,0.0
1778600037.3090813,0.0,0.0,0.0,0.0,0.0,0.0
1778600037.3603168,0.0,0.0,0.0,0.0,0.0,0.0
1778600037.4008121,0.0,0.0,0.0,0.0,0.0,0.0
1778600037.4522207,0.0,0.0,0.0,0.0,0.0,0.0
1778600037.499961,0.0,0.0,0.0,0.0,0.0,0.0
1778600037.5491192,0.0,0.0,0.0,0.0,0.0,0.0
1778600037.595426,0.0,0.0,0.0,0.0,0.0,0.0
1778600037.6453638,0.0,0.0,0.0,0.0,0.0,0.0
1778600037.6977642,0.0,0.0,0.0,0.0,0.0,0.0
1778600037.7519445,0.0,0.0,0.0,0.0,0.0,0.0
1778600037.7978294,0.0,0.0,0.0,0.0,0.0,0.0
1778600037.8326168,0.0,0.0,0.0,0.0,0.0,0.0
1778600037.8839033,0.0,0.0,0.0,0.0,0.0,0.0
1778600037.931597,0.0,0.0,0.0,0.0,0.0,0.0
1778600037.9857068,0.0,0.0,0.0,0.0,0.0,0.0
1778600038.0264018,0.0,0.0,0.0,0.0,0.0,0.0
1778600038.0786557,0.0,0.0,0.0,0.0,0.0,0.0
1778600038.1210337,0.0,0.0,0.0,0.0,0.0,0.0
1778600038.1629763,0.0,0.0,0.0,0.0,0.0,0.0
1778600038.2169895,0.0,0.0,0.0,0.0,0.0,0.0
1778600038.2625039,0.0,0.0,0.0,0.0,0.0,0.0
1778600038.3089032,0.0,0.0,0.0,0.0,0.0,0.0
1778600038.3539338,0.0,0.0,0.0,0.0,0.0,0.0
1778600038.4033391,0.0,0.0,0.0,0.0,0.0,0.0
1778600038.455369,0.0,0.0,0.0,0.0,0.0,0.0
1778600038.4966457,0.0,0.0,0.0,0.0,0.0,0.0
1778600038.554567,0.0,0.0,0.0,0.0,0.0,0.0
1778600038.5998876,0.0,0.0,0.0,0.0,0.0,0.0
1778600038.65903,0.0,0.0,0.0,0.0,0.0,0.0
1778600038.6958044,0.0,0.0,0.0,0.0,0.0,0.0
1778600038.735884,0.0,0.0,0.0,0.0,0.0,0.0
1778600038.7839518,0.0,0.0,0.0,0.0,0.0,0.0
1778600038.8384397,0.0,0.0,0.0,0.0,0.0,0.0
1778600038.878618,0.0,0.0,0.0,0.0,0.0,0.0
1778600038.9246817,0.0,0.0,0.0,0.0,0.0,0.0
1778600038.9728599,0.0,0.0,0.0,0.0,0.0,0.0
1778600039.0229695,0.0,0.0,0.0,0.0,0.0,0.0
1778600039.0661592,0.0,0.0,0.0,0.0,0.0,0.0
1778600039.1140182,0.0,0.0,0.0,0.0,0.0,0.0
1778600039.1620598,0.0,0.0,0.0,0.0,0.0,0.0
1778600039.2125154,0.0,0.0,0.0,0.0,0.0,0.0
1778600039.2635643,0.0,0.0,0.0,0.0,0.0,0.0
1778600039.3094707,0.0,0.0,0.0,0.0,0.0,0.0
1778600039.3620443,0.0,0.0,0.0,0.0,0.0,0.0
1778600039.416376,0.0,0.0,0.0,0.0,0.0,0.0
1778600039.4536693,0.0,0.0,0.0,0.0,0.0,0.0
1778600039.5106196,0.0,0.0,0.0,0.0,0.0,0.0
1778600039.5511746,0.0,0.0,0.0,0.0,0.0,0.0
1778600039.5920596,0.0,0.0,0.0,0.0,0.0,0.0
1778600039.6455457,0.0,0.0,0.0,0.0,0.0,0.0
1778600039.700604,0.0,0.0,0.0,0.0,0.0,0.0
1778600039.762443,0.0,0.0,0.0,0.0,0.0,0.0
1778600039.8014045,0.0,0.0,0.0,0.0,0.0,0.0
1778600039.8520818,0.0,0.0,0.0,0.0,0.0,0.0
1778600039.8970432,0.0,0.0,0.0,0.0,0.0,0.0
1778600039.9377387,0.0,0.0,0.0,0.0,0.0,0.0
1778600039.9778693,0.0,0.0,0.0,0.0,0.0,0.0
1778600040.0289352,0.0,0.0,0.0,0.0,0.0,0.0
1778600040.0835247,0.0,0.0,0.0,0.0,0.0,0.0
1778600040.1231663,0.0,0.0,0.0,0.0,0.0,0.0
1778600040.1641467,0.0,0.0,0.0,0.0,0.0,0.0
1778600040.2186568,0.0,0.0,0.0,0.0,0.0,0.0
1778600040.2681448,0.0,0.0,0.0,0.0,0.0,0.0
1778600040.3075957,0.0,0.0,0.0,0.0,0.0,0.0
1778600040.3583038,0.0,0.0,0.0,0.0,0.0,0.0
1778600040.4073675,0.0,0.0,0.0,0.0,0.0,0.0
1778600040.456035,0.0,0.0,0.0,0.0,0.0,0.0
1778600040.5126405,0.0,0.0,0.0,0.0,0.0,0.0
1778600040.5472722,0.0,0.0,0.0,0.0,0.0,0.0
1778600040.595896,0.0,0.0,0.0,0.0,0.0,0.0
1778600040.6452267,0.0,0.0,0.0,0.0,0.0,0.0
1778600040.6902192,0.0,0.0,0.0,0.0,0.0,0.0
1778600040.741312,0.0,0.0,0.0,0.0,0.0,0.0
1778600040.7987318,0.0,0.0,0.0,0.0,0.0,0.0
1778600040.8365653,0.0,0.0,0.0,0.0,0.0,0.0
1778600040.8827353,0.0,0.0,0.0,0.0,0.0,0.0
1778600040.9288747,0.0,0.0,0.0,0.0,0.0,0.0
1778600040.9746068,0.0,0.0,0.0,0.0,0.0,0.0
1778600041.022678,0.0,0.0,0.0,0.0,0.0,0.0
1778600041.0751498,0.0,0.0,0.0,0.0,0.0,0.0
1778600041.1215608,0.0,0.0,0.0,0.0,0.0,0.0
1778600041.163251,0.0,0.0,0.0,0.0,0.0,0.0
1778600041.2135644,0.0,0.0,0.0,0.0,0.0,0.0
1778600041.2575114,0.0,0.0,0.0,0.0,0.0,0.0
1778600041.3077066,0.0,0.0,0.0,0.0,0.0,0.0
1778600041.356938,0.0,0.0,0.0,0.0,0.0,0.0
1778600041.4084396,0.0,0.0,0.0,0.0,0.0,0.0
1778600041.4521816,0.0,0.0,0.0,0.0,0.0,0.0
1778600041.4989219,0.0,0.0,0.0,0.0,0.0,0.0
1778600041.5473733,0.0,0.0,0.0,0.0,0.0,0.0
1778600041.5905187,0.0,0.0,0.0,0.0,0.0,0.0
1778600041.6383193,0.0,0.0,0.0,0.0,0.0,0.0
1778600041.688082,0.0,0.0,0.0,0.0,0.0,0.0
1778600041.7341156,0.0,0.0,0.0,0.0,0.0,0.0
1778600041.7837164,0.0,0.0,0.0,0.0,0.0,0.0
1778600041.8296804,0.0,0.0,0.0,0.0,0.0,0.0
1778600041.881528,0.0,0.0,0.0,0.0,0.0,0.0
1778600041.9228652,0.0,0.0,0.0,0.0,0.0,0.0
1778600041.9746623,0.0,0.0,0.0,0.0,0.0,0.0
1778600042.0210774,0.0,0.0,0.0,0.0,0.0,0.0
1778600042.0688715,0.0,0.0,0.0,0.0,0.0,0.0
1778600042.1154816,0.0,0.0,0.0,0.0,0.0,0.0
1778600042.1645875,0.0,0.0,0.0,0.0,0.0,0.0
1778600042.2132823,0.0,0.0,0.0,0.0,0.0,0.0
1778600042.2563639,0.0,0.0,0.0,0.0,0.0,0.0
1778600042.3048348,0.0,0.0,0.0,0.0,0.0,0.0
1778600042.3555799,0.0,0.0,0.0,0.0,0.0,0.0
1778600042.3992276,0.0,0.0,0.0,0.0,0.0,0.0
1778600042.4502015,0.0,0.0,0.0,0.0,0.0,0.0
1778600042.4958866,0.0,0.0,0.0,0.0,0.0,0.0
1778600042.5470984,0.0,0.0,0.0,0.0,0.0,0.0
1778600042.5963035,0.0,0.0,0.0,0.0,0.0,0.0
1778600042.6370833,0.0,0.0,0.0,0.0,0.0,0.0
1778600042.6908247,0.0,0.0,0.0,0.0,0.0,0.0
1778600042.7352626,0.0,0.0,0.0,0.0,0.0,0.0
1778600042.7808535,0.0,0.0,0.0,0.0,0.0,0.0
1778600042.835189,0.0,0.0,0.0,0.0,0.0,0.0
1778600042.8833032,0.0,0.0,0.0,0.0,0.0,0.0
1778600042.929506,0.0,0.0,0.0,0.0,0.0,0.0
1778600042.9850168,0.0,0.0,0.0,0.0,0.0,0.0
1778600043.0206103,0.0,0.0,0.0,0.0,0.0,0.0
1778600043.0722656,0.0,0.0,0.0,0.0,0.0,0.0
1778600043.1142397,0.0,0.0,0.0,0.0,0.0,0.0
1778600043.163188,0.0,0.0,0.0,0.0,0.0,0.0
1778600043.2114854,0.0,0.0,0.0,0.0,0.0,0.0
1778600043.2594886,0.0,0.0,0.0,0.0,0.0,0.0
1778600043.30484,0.0,0.0,0.0,0.0,0.0,0.0
1778600043.3555686,0.0,0.0,0.0,0.0,0.0,0.0
1778600043.4037154,0.0,0.0,0.0,0.0,0.0,0.0
1778600043.4467113,0.0,0.0,0.0,0.0,0.0,0.0
1778600043.4957345,0.0,0.0,0.0,0.0,0.0,0.0
1778600043.5452054,0.0,0.0,0.0,0.0,0.0,0.0
1778600043.5920475,0.0,0.0,0.0,0.0,0.0,0.0
1778600043.639821,0.0,0.0,0.0,0.0,0.0,0.0
1778600043.6883461,0.0,0.0,0.0,0.0,0.0,0.0
1778600043.737012,0.0,0.0,0.0,0.0,0.0,0.0
1778600043.7799869,0.0,0.0,0.0,0.0,0.0,0.0
1778600043.8288972,0.0,0.0,0.0,0.0,0.0,0.0
1778600043.884249,0.0,0.0,0.0,0.0,0.0,0.0
1778600043.934397,0.0,0.0,0.0,0.0,0.0,0.0
1778600043.9803886,0.0,0.0,0.0,0.0,0.0,0.0
1778600044.023264,0.0,0.0,0.0,0.0,0.0,0.0
1778600044.074069,0.0,0.0,0.0,0.0,0.0,0.0
1778600044.12252,0.0,0.0,0.0,0.0,0.0,0.0
1778600044.162989,0.0,0.0,0.0,0.0,0.0,0.0
1778600044.213862,0.0,0.0,0.0,0.0,0.0,0.0
1778600044.2616744,0.0,0.0,0.0,0.0,0.0,0.0
1778600044.3098757,0.0,0.0,0.0,0.0,0.0,0.0
1778600044.361202,0.0,0.0,0.0,0.0,0.0,0.0
1778600044.40542,0.0,0.0,0.0,0.0,0.0,0.0
1778600044.4776168,0.0,0.0,0.0,0.0,0.0,0.0
1778600044.5054166,0.0,0.0,0.0,0.0,0.0,0.0
1778600044.5568848,0.0,0.0,0.0,0.0,0.0,0.0
1778600044.6165955,0.0,0.0,0.0,0.0,0.0,0.0
1778600044.6831346,0.0,0.0,0.0,0.0,0.0,0.0
1778600044.699482,0.0,0.0,0.0,0.0,0.0,0.0
1778600044.7457707,0.0,0.0,0.0,0.0,0.0,0.0
1778600044.797737,0.0,0.0,0.0,0.0,0.0,0.0
1778600044.8322628,0.0,0.0,0.0,0.0,0.0,0.0
1778600044.8807487,0.0,0.0,0.0,0.0,0.0,0.0
1778600044.9357717,0.0,0.0,0.0,0.0,0.0,0.0
1778600044.976778,0.0,0.0,0.0,0.0,0.0,0.0
1778600045.0182118,0.0,0.0,0.0,0.0,0.0,0.0
1778600045.067702,0.0,0.0,0.0,0.0,0.0,0.0
1778600045.115931,0.0,0.0,0.0,0.0,0.0,0.0
1778600045.1643639,0.0,0.0,0.0,0.0,0.0,0.0
1778600045.212133,0.0,0.0,0.0,0.0,0.0,0.0
1778600045.2612631,0.0,0.0,0.0,0.0,0.0,0.0
1778600045.3165045,0.0,0.0,0.0,0.0,0.0,0.0
1778600045.3584044,0.0,0.0,0.0,0.0,0.0,0.0
1778600045.399778,0.0,0.0,0.0,0.0,0.0,0.0
1778600045.455095,0.0,0.0,0.0,0.0,0.0,0.0
1778600045.5022597,0.0,0.0,0.0,0.0,0.0,0.0
1778600045.5450604,0.0,0.0,0.0,0.0,0.0,0.0
1778600045.5920236,0.0,0.0,0.0,0.0,0.0,0.0
1778600045.6406817,0.0,0.0,0.0,0.0,0.0,0.0
1778600045.6885922,0.0,0.0,0.0,0.0,0.0,0.0
1778600045.737881,0.0,0.0,0.0,0.0,0.0,0.0
1778600045.787565,0.0,0.0,0.0,0.0,0.0,0.0
1778600045.8326807,0.0,0.0,0.0,0.0,0.0,0.0
1778600045.8813071,0.0,0.0,0.0,0.0,0.0,0.0
1778600045.9280088,0.0,0.0,0.0,0.0,0.0,0.0
1778600045.9704533,0.0,0.0,0.0,0.0,0.0,0.0
1778600046.0292764,0.0,0.0,0.0,0.0,0.0,0.0
1778600046.1197548,0.0,0.0,0.0,0.0,0.0,0.0
1778600046.130875,0.0,0.0,0.0,0.0,0.0,0.0
1778600046.1754467,0.0,0.0,0.0,0.0,0.0,0.0
1778600046.2301533,0.0,0.0,0.0,0.0,0.0,0.0
1778600046.2744825,0.0,0.0,0.0,0.0,0.0,0.0
1778600046.3229668,0.0,0.0,0.0,0.0,0.0,0.0
1778600046.3637276,0.0,0.0,0.0,0.0,0.0,0.0
1778600046.4222198,0.0,0.0,0.0,0.0,0.0,0.0
1778600046.4624643,0.0,0.0,0.0,0.0,0.0,0.0
1778600046.501429,0.0,0.0,0.0,0.0,0.0,0.0
1778600046.552535,0.0,0.0,0.0,0.0,0.0,0.0
1778600046.602701,0.0,0.0,0.0,0.0,0.0,0.0
1778600046.6430311,0.0,0.0,0.0,0.0,0.0,0.0
1778600046.6866708,0.0,0.0,0.0,0.0,0.0,0.0
1778600046.7390308,0.0,0.0,0.0,0.0,0.0,0.0
1778600046.7813601,0.0,0.0,0.0,0.0,0.0,0.0
1778600046.8327856,0.0,0.0,0.0,0.0,0.0,0.0
1778600046.8788223,0.0,0.0,0.0,0.0,0.0,0.0
1778600046.9271808,0.0,0.0,0.0,0.0,0.0,0.0
1778600046.9735007,0.0,0.0,0.0,0.0,0.0,0.0
1778600047.022738,0.0,0.0,0.0,0.0,0.0,0.0
1778600047.0659254,0.0,0.0,0.0,0.0,0.0,0.0
1778600047.1170738,0.0,0.0,0.0,0.0,0.0,0.0
1778600047.1641436,0.0,0.0,0.0,0.0,0.0,0.0
1778600047.213342,0.0,0.0,0.0,0.0,0.0,0.0
1778600047.2608697,0.0,0.0,0.0,0.0,0.0,0.0
1778600047.307758,0.0,0.0,0.0,0.0,0.0,0.0
1778600047.3575466,0.0,0.0,0.0,0.0,0.0,0.0
1778600047.4070473,0.0,0.0,0.0,0.0,0.0,0.0
1778600047.448778,0.0,0.0,0.0,0.0,0.0,0.0
1778600047.5005808,0.0,0.0,0.0,0.0,0.0,0.0
1778600047.546872,0.0,0.0,0.0,0.0,0.0,0.0
1778600047.6001732,0.0,0.0,0.0,0.0,0.0,0.0
1778600047.6524205,0.0,0.0,0.0,0.0,0.0,0.0
1778600047.6921015,0.0,0.0,0.0,0.0,0.0,0.0
1778600047.7446687,0.0,0.0,0.0,0.0,0.0,0.0
1778600047.8001163,0.0,0.0,0.0,0.0,0.0,0.0
1778600047.8704937,0.0,0.0,0.0,0.0,0.0,0.0
1778600047.8970442,0.0,0.0,0.0,0.0,0.0,0.0
1778600047.9341862,0.0,0.0,0.0,0.0,0.0,0.0
1778600047.9761422,0.0,0.0,0.0,0.0,0.0,0.0
1778600048.029103,0.0,0.0,0.0,0.0,0.0,0.0
1778600048.0711608,0.0,0.0,0.0,0.0,0.0,0.0
1778600048.1160192,0.0,0.0,0.0,0.0,0.0,0.0
1778600048.1667352,0.0,0.0,0.0,0.0,0.0,0.0
1778600048.2192838,0.0,0.0,0.0,0.0,0.0,0.0
1778600048.2658565,0.0,0.0,0.0,0.0,0.0,0.0
1778600048.31237,0.0,0.0,0.0,0.0,0.0,0.0
1778600048.356436,0.0,0.0,0.0,0.0,0.0,0.0
1778600048.4075716,0.0,0.0,0.0,0.0,0.0,0.0
1778600048.4549809,0.0,0.0,0.0,0.0,0.0,0.0
1778600048.4975464,0.0,0.0,0.0,0.0,0.0,0.0
1778600048.5566766,0.0,0.0,0.0,0.0,0.0,0.0
1778600048.5940998,0.0,0.0,0.0,0.0,0.0,0.0
1778600048.646755,0.0,0.0,0.0,0.0,0.0,0.0
1778600048.6947634,0.0,0.0,0.0,0.0,0.0,0.0
1778600048.755623,0.0,0.0,0.0,0.0,0.0,0.0
1778600048.7961056,0.0,0.0,0.0,0.0,0.0,0.0
1778600048.8365693,0.0,0.0,0.0,0.0,0.0,0.0
1778600048.877415,0.0,0.0,0.0,0.0,0.0,0.0
1778600048.9300935,0.0,0.0,0.0,0.0,0.0,0.0
1778600048.9708583,0.0,0.0,0.0,0.0,0.0,0.0
1778600049.026847,0.0,0.0,0.0,0.0,0.0,0.0
1778600049.0810604,0.0,0.0,0.0,0.0,0.0,0.0
1778600049.1176083,0.0,0.0,0.0,0.0,0.0,0.0
1778600049.1626525,0.0,0.0,0.0,0.0,0.0,0.0
1778600049.216147,0.0,0.0,0.0,0.0,0.0,0.0
1778600049.2655663,0.0,0.0,0.0,0.0,0.0,0.0
1778600049.3138673,0.0,0.0,0.0,0.0,0.0,0.0
1778600049.3634455,0.0,0.0,0.0,0.0,0.0,0.0
1778600049.4128304,0.0,0.0,0.0,0.0,0.0,0.0
1778600049.4588563,0.0,0.0,0.0,0.0,0.0,0.0
1778600049.4976027,0.0,0.0,0.0,0.0,0.0,0.0
1778600049.5595984,0.0,0.0,0.0,0.0,0.0,0.0
1778600049.601681,0.0,0.0,0.0,0.0,0.0,0.0
1778600049.656554,0.0,0.0,0.0,0.0,0.0,0.0
1778600049.7353382,0.0,0.0,0.0,0.0,0.0,0.0
1778600049.7587838,0.0,0.0,0.0,0.0,0.0,0.0
1778600049.7876608,0.0,0.0,0.0,0.0,0.0,0.0
1778600049.8373332,0.0,0.0,0.0,0.0,0.0,0.0
1778600049.8835537,0.0,0.0,0.0,0.0,0.0,0.0
1778600049.9264889,0.0,0.0,0.0,0.0,0.0,0.0
1778600049.9839113,0.0,0.0,0.0,0.0,0.0,0.0
1778600050.0253425,0.0,0.0,0.0,0.0,0.0,0.0
1778600050.0763953,0.0,0.0,0.0,0.0,0.0,0.0
1778600050.1224189,0.0,0.0,0.0,0.0,0.0,0.0
1778600050.174972,0.0,0.0,0.0,0.0,0.0,0.0
1778600050.2216744,0.0,0.0,0.0,0.0,0.0,0.0
1778600050.2661777,0.0,0.0,0.0,0.0,0.0,0.0
1778600050.3076706,0.0,0.0,0.0,0.0,0.0,0.0
1778600050.357861,0.0,0.0,0.0,0.0,0.0,0.0
1778600050.4044995,0.0,0.0,0.0,0.0,0.0,0.0
1778600050.4559486,0.0,0.0,0.0,0.0,0.0,0.0
1778600050.4966283,0.0,0.0,0.0,0.0,0.0,0.0
1778600050.551593,0.0,0.0,0.0,0.0,0.0,0.0
1778600050.5934362,0.0,0.0,0.0,0.0,0.0,0.0
1778600050.6449776,0.0,0.0,0.0,0.0,0.0,0.0
1778600050.6948798,0.0,0.0,0.0,0.0,0.0,0.0
1778600050.7373095,0.0,0.0,0.0,0.0,0.0,0.0
1778600050.7849267,0.0,0.0,0.0,0.0,0.0,0.0
1778600050.8358042,0.0,0.0,0.0,0.0,0.0,0.0
1778600050.8933182,0.0,0.0,0.0,0.0,0.0,0.0
1778600050.9366539,0.0,0.0,0.0,0.0,0.0,0.0
1778600050.984465,0.0,0.0,0.0,0.0,0.0,0.0
1778600051.0274725,0.0,0.0,0.0,0.0,0.0,0.0
1778600051.085285,0.0,0.0,0.0,0.0,0.0,0.0
1778600051.1362972,0.0,0.0,0.0,0.0,0.0,0.0
1778600051.173078,0.0,0.0,0.0,0.0,0.0,0.0
1778600051.2290328,0.0,0.0,0.0,0.0,0.0,0.0
1778600051.26346,0.0,0.0,0.0,0.0,0.0,0.0
1778600051.326052,0.0,0.0,0.0,0.0,0.0,0.0
1778600051.3818994,0.0,0.0,0.0,0.0,0.0,0.0
1778600051.4042122,0.0,0.0,0.0,0.0,0.0,0.0
1778600051.4524827,0.0,0.0,0.0,0.0,0.0,0.0
1778600051.4983,0.0,0.0,0.0,0.0,0.0,0.0
1778600051.5474539,0.0,0.0,0.0,0.0,0.0,0.0
1778600051.5954742,0.0,0.0,0.0,0.0,0.0,0.0
1778600051.6399705,0.0,0.0,0.0,0.0,0.0,0.0
1778600051.6862986,0.0,0.0,0.0,0.0,0.0,0.0
1778600051.7368066,0.0,0.0,0.0,0.0,0.0,0.0
1778600051.78602,0.0,0.0,0.0,0.0,0.0,0.0
1778600051.840095,0.0,0.0,0.0,0.0,0.0,0.0
1778600051.8769298,0.0,0.0,0.0,0.0,0.0,0.0
1778600051.9281013,0.0,0.0,0.0,0.0,0.0,0.0
1778600051.9756334,0.0,0.0,0.0,0.0,0.0,0.0
1778600052.0186777,0.0,0.0,0.0,0.0,0.0,0.0
1778600052.0674596,0.0,0.0,0.0,0.0,0.0,0.0
1778600052.1188307,0.0,0.0,0.0,0.0,0.0,0.0
1778600052.176145,0.0,0.0,0.0,0.0,0.0,0.0
1778600052.2157285,0.0,0.0,0.0,0.0,0.0,0.0
1778600052.2626684,0.0,0.0,0.0,0.0,0.0,0.0
1778600052.3135245,0.0,0.0,0.0,0.0,0.0,0.0
1778600052.3564806,0.0,0.0,0.0,0.0,0.0,0.0
1778600052.4106083,0.0,0.0,0.0,0.0,0.0,0.0
1778600052.4608672,0.0,0.0,0.0,0.0,0.0,0.0
1778600052.496855,0.0,0.0,0.0,0.0,0.0,0.0
1778600052.5674028,0.0,0.0,0.0,0.0,0.0,0.0
1778600052.6248615,0.0,0.0,0.0,0.0,0.0,0.0
1778600052.6602883,0.0,0.0,0.0,0.0,0.0,0.0
1778600052.694213,0.0,0.0,0.0,0.0,0.0,0.0
1778600052.7403145,0.0,0.0,0.0,0.0,0.0,0.0
1778600052.7810292,0.0,0.0,0.0,0.0,0.0,0.0
1778600052.8316858,0.0,0.0,0.0,0.0,0.0,0.0
1778600052.886497,0.0,0.0,0.0,0.0,0.0,0.0
1778600052.9300485,0.0,0.0,0.0,0.0,0.0,0.0
1778600052.9777718,0.0,0.0,0.0,0.0,0.0,0.0
1778600053.024478,0.0,0.0,0.0,0.0,0.0,0.0
1778600053.07706,0.0,0.0,0.0,0.0,0.0,0.0
1778600053.1208723,0.0,0.0,0.0,0.0,0.0,0.0
1778600053.1641726,0.0,0.0,0.0,0.0,0.0,0.0
1778600053.2136657,0.0,0.0,0.0,0.0,0.0,0.0
1778600053.2659934,0.0,0.0,0.0,0.0,0.0,0.0
1778600053.3137782,0.0,0.0,0.0,0.0,0.0,0.0
1778600053.3567083,0.0,0.0,0.0,0.0,0.0,0.0
1778600053.4057975,0.0,0.0,0.0,0.0,0.0,0.0
1778600053.4514177,0.0,0.0,0.0,0.0,0.0,0.0
1778600053.4943805,0.0,0.0,0.0,0.0,0.0,0.0
1778600053.5445578,0.0,0.0,0.0,0.0,0.0,0.0
1778600053.5936885,0.0,0.0,0.0,0.0,0.0,0.0
1778600053.640494,0.0,0.0,0.0,0.0,0.0,0.0
1778600053.687288,0.0,0.0,0.0,0.0,0.0,0.0
1778600053.7356133,0.0,0.0,0.0,0.0,0.0,0.0
1778600053.7918136,0.0,0.0,0.0,0.0,0.0,0.0
1778600053.8369808,0.0,0.0,0.0,0.0,0.0,0.0
1778600053.8836117,0.0,0.0,0.0,0.0,0.0,0.0
1778600053.9341562,0.0,0.0,0.0,0.0,0.0,0.0
1778600053.9793618,0.0,0.0,0.0,0.0,0.0,0.0
1778600054.026236,0.0,0.0,0.0,0.0,0.0,0.0
1778600054.0654736,0.0,0.0,0.0,0.0,0.0,0.0
1778600054.1181781,0.0,0.0,0.0,0.0,0.0,0.0
1778600054.1623118,0.0,0.0,0.0,0.0,0.0,0.0
1778600054.215545,0.0,0.0,0.0,0.0,0.0,0.0
1778600054.263194,0.0,0.0,0.0,0.0,0.0,0.0
1778600054.3053796,0.0,0.0,0.0,0.0,0.0,0.0
1778600054.3543994,0.0,0.0,0.0,0.0,0.0,0.0
1778600054.4038928,0.0,0.0,0.0,0.0,0.0,0.0
1778600054.4538605,0.0,0.0,0.0,0.0,0.0,0.0
1778600054.5032082,0.0,0.0,0.0,0.0,0.0,0.0
1778600054.556207,0.0,0.0,0.0,0.0,0.0,0.0
1778600054.6139731,0.0,0.0,0.0,0.0,0.0,0.0
1778600054.6666894,0.0,0.0,0.0,0.0,0.0,0.0
1778600054.691961,0.0,0.0,0.0,0.0,0.0,0.0
1778600054.74194,0.0,0.0,0.0,0.0,0.0,0.0
1778600054.788102,0.0,0.0,0.0,0.0,0.0,0.0
1778600054.8305073,0.0,0.0,0.0,0.0,0.0,0.0
1778600054.8820667,0.0,0.0,0.0,0.0,0.0,0.0
1778600054.9310544,0.0,0.0,0.0,0.0,0.0,0.0
1778600054.974629,0.0,0.0,0.0,0.0,0.0,0.0
1778600055.0214026,0.0,0.0,0.0,0.0,0.0,0.0
1778600055.0745986,0.0,0.0,0.0,0.0,0.0,0.0
1778600055.1212642,0.0,0.0,0.0,0.0,0.0,0.0
1778600055.1654139,0.0,0.0,0.0,0.0,0.0,0.0
1778600055.2169952,0.0,0.0,0.0,0.0,0.0,0.0
1778600055.2632241,0.0,0.0,0.0,0.0,0.0,0.0
1778600055.3096106,0.0,0.0,0.0,0.0,0.0,0.0
1778600055.3533947,0.0,0.0,0.0,0.0,0.0,0.0
1778600055.4093375,0.0,0.0,0.0,0.0,0.0,0.0
1778600055.4511867,0.0,0.0,0.0,0.0,0.0,0.0
1778600055.5034704,0.0,0.0,0.0,0.0,0.0,0.0
1778600055.547894,0.0,0.0,0.0,0.0,0.0,0.0
1778600055.6083045,0.0,0.0,0.0,0.0,0.0,0.0
1778600055.6452408,0.0,0.0,0.0,0.0,0.0,0.0
1778600055.6902378,0.0,0.0,0.0,0.0,0.0,0.0
1778600055.739697,0.0,0.0,0.0,0.0,0.0,0.0
1778600055.786615,0.0,0.0,0.0,0.0,0.0,0.0
1778600055.8422995,0.0,0.0,0.0,0.0,0.0,0.0
1778600055.8997588,0.0,0.0,0.0,0.0,0.0,0.0
1778600055.9410248,0.0,0.0,0.0,0.0,0.0,0.0
1778600055.98591,0.0,0.0,0.0,0.0,0.0,0.0
1778600056.0240605,0.0,0.0,0.0,0.0,0.0,0.0
1778600056.0787601,0.0,0.0,0.0,0.0,0.0,0.0
1778600056.1246219,0.0,0.0,0.0,0.0,0.0,0.0
1778600056.1699877,0.0,0.0,0.0,0.0,0.0,0.0
1778600056.2503023,0.0,0.0,0.0,0.0,0.0,0.0
1778600056.3047743,0.0,0.0,0.0,0.0,0.0,0.0
1778600056.335493,0.0,0.0,0.0,0.0,0.0,0.0
1778600056.3565862,0.0,0.0,0.0,0.0,0.0,0.0
1778600056.405057,0.0,0.0,0.0,0.0,0.0,0.0
1778600056.4530332,0.0,0.0,0.0,0.0,0.0,0.0
1778600056.4987612,0.0,0.0,0.0,0.0,0.0,0.0
1778600056.5466523,0.0,0.0,0.0,0.0,0.0,0.0
1778600056.5930424,0.0,0.0,0.0,0.0,0.0,0.0
1778600056.6442997,0.0,0.0,0.0,0.0,0.0,0.0
1778600056.6915104,0.0,0.0,0.0,0.0,0.0,0.0
1778600056.7403991,0.0,0.0,0.0,0.0,0.0,0.0
1778600056.7885096,0.0,0.0,0.0,0.0,0.0,0.0
1778600056.8328736,0.0,0.0,0.0,0.0,0.0,0.0
1778600056.881901,0.0,0.0,0.0,0.0,0.0,0.0
1778600056.931236,0.0,0.0,0.0,0.0,0.0,0.0
1778600056.972718,0.0,0.0,0.0,0.0,0.0,0.0
1778600057.02661,0.0,0.0,0.0,0.0,0.0,0.0
1778600057.0713873,0.0,0.0,0.0,0.0,0.0,0.0
1778600057.1209013,0.0,0.0,0.0,0.0,0.0,0.0
1778600057.1668427,0.0,0.0,0.0,0.0,0.0,0.0
1778600057.210801,0.0,0.0,0.0,0.0,0.0,0.0
1778600057.2612302,0.0,0.0,0.0,0.0,0.0,0.0
1778600057.3085597,0.0,0.0,0.0,0.0,0.0,0.0
1778600057.353753,0.0,0.0,0.0,0.0,0.0,0.0
1778600057.410708,0.0,0.0,0.0,0.0,0.0,0.0
1778600057.4665344,0.0,0.0,0.0,0.0,0.0,0.0
1778600057.51397,0.0,0.0,0.0,0.0,0.0,0.0
1778600057.5455303,0.0,0.0,0.0,0.0,0.0,0.0
1778600057.5948997,0.0,0.0,0.0,0.0,0.0,0.0
1778600057.6409295,0.0,0.0,0.0,0.0,0.0,0.0
1778600057.6894817,0.0,0.0,0.0,0.0,0.0,0.0
1778600057.7395728,0.0,0.0,0.0,0.0,0.0,0.0
1778600057.789721,0.0,0.0,0.0,0.0,0.0,0.0
1778600057.8377893,0.0,0.0,0.0,0.0,0.0,0.0
1778600057.877857,0.0,0.0,0.0,0.0,0.0,0.0
1778600057.9263597,0.0,0.0,0.0,0.0,0.0,0.0
1778600057.974824,0.0,0.0,0.0,0.0,0.0,0.0
1778600058.0183716,0.0,0.0,0.0,0.0,0.0,0.0
1778600058.0672448,0.0,0.0,0.0,0.0,0.0,0.0
1778600058.114911,0.0,0.0,0.0,0.0,0.0,0.0
1778600058.1631253,0.0,0.0,0.0,0.0,0.0,0.0
1778600058.2125075,0.0,0.0,0.0,0.0,0.0,0.0
1778600058.2585588,0.0,0.0,0.0,0.0,0.0,0.0
1778600058.3088229,0.0,0.0,0.0,0.0,0.0,0.0
1778600058.3532548,0.0,0.0,0.0,0.0,0.0,0.0
1778600058.403949,0.0,0.0,0.0,0.0,0.0,0.0
1778600058.4503558,0.0,0.0,0.0,0.0,0.0,0.0
1778600058.5065112,0.0,0.0,0.0,0.0,0.0,0.0
1778600058.545398,0.0,0.0,0.0,0.0,0.0,0.0
1778600058.595136,0.0,0.0,0.0,0.0,0.0,0.0
1778600058.6449952,0.0,0.0,0.0,0.0,0.0,0.0
1778600058.685786,0.0,0.0,0.0,0.0,0.0,0.0
1778600058.7372217,0.0,0.0,0.0,0.0,0.0,0.0
1778600058.7887297,0.0,0.0,0.0,0.0,0.0,0.0
1778600058.8280468,0.0,0.0,0.0,0.0,0.0,0.0
1778600058.8841176,0.0,0.0,0.0,0.0,0.0,0.0
1778600058.9270325,0.0,0.0,0.0,0.0,0.0,0.0
1778600058.9893122,0.0,0.0,0.0,0.0,0.0,0.0
1778600059.033121,0.0,0.0,0.0,0.0,0.0,0.0
1778600059.083744,0.0,0.0,0.0,0.0,0.0,0.0
1778600059.125726,0.0,0.0,0.0,0.0,0.0,0.0
1778600059.1698864,0.0,0.0,0.0,0.0,0.0,0.0
1778600059.2108867,0.0,0.0,0.0,0.0,0.0,0.0
1778600059.2642286,0.0,0.0,0.0,0.0,0.0,0.0
1778600059.3257456,0.0,0.0,0.0,0.0,0.0,0.0
1778600059.3792753,0.0,0.0,0.0,0.0,0.0,0.0
1778600059.4197686,0.0,0.0,0.0,0.0,0.0,0.0
1778600059.4688714,0.0,0.0,0.0,0.0,0.0,0.0
1778600059.5069683,0.0,0.0,0.0,0.0,0.0,0.0
1778600059.562788,0.0,0.0,0.0,0.0,0.0,0.0
1778600059.608656,0.0,0.0,0.0,0.0,0.0,0.0
1778600059.6580975,0.0,0.0,0.0,0.0,0.0,0.0
1778600059.7025394,0.0,0.0,0.0,0.0,0.0,0.0
1778600059.7345839,0.0,0.0,0.0,0.0,0.0,0.0
1778600059.7853203,0.0,0.0,0.0,0.0,0.0,0.0
1778600059.8421214,0.0,0.0,0.0,0.0,0.0,0.0
1778600059.8780642,0.0,0.0,0.0,0.0,0.0,0.0
1778600059.928213,0.0,0.0,0.0,0.0,0.0,0.0
1778600059.975179,0.0,0.0,0.0,0.0,0.0,0.0
1778600060.0219111,0.0,0.0,0.0,0.0,0.0,0.0
1778600060.0710618,0.0,0.0,0.0,0.0,0.0,0.0
1778600060.1133487,0.0,0.0,0.0,0.0,0.0,0.0
1778600060.1662917,0.0,0.0,0.0,0.0,0.0,0.0
1778600060.212029,0.0,0.0,0.0,0.0,0.0,0.0
1778600060.25884,0.0,0.0,0.0,0.0,0.0,0.0
1778600060.305362,0.0,0.0,0.0,0.0,0.0,0.0
1778600060.3580048,0.0,0.0,0.0,0.0,0.0,0.0
1778600060.399082,0.0,0.0,0.0,0.0,0.0,0.0
1778600060.449519,0.0,0.0,0.0,0.0,0.0,0.0
1778600060.498643,0.0,0.0,0.0,0.0,0.0,0.0
1778600060.5589116,0.0,0.0,0.0,0.0,0.0,0.0
1778600060.5947802,0.0,0.0,0.0,0.0,0.0,0.0
1778600060.6427717,0.0,0.0,0.0,0.0,0.0,0.0
1778600060.6937685,0.0,0.0,0.0,0.0,0.0,0.0
1778600060.7415562,0.0,0.0,0.0,0.0,0.0,0.0
1778600060.7946956,0.0,0.0,0.0,0.0,0.0,0.0
1778600060.8438592,0.0,0.0,0.0,0.0,0.0,0.0
1778600060.8981857,0.0,0.0,0.0,0.0,0.0,0.0
1778600060.934601,0.0,0.0,0.0,0.0,0.0,0.0
1778600060.9793153,0.0,0.0,0.0,0.0,0.0,0.0
1778600061.02291,0.0,0.0,0.0,0.0,0.0,0.0
1778600061.0740833,0.0,0.0,0.0,0.0,0.0,0.0
1778600061.123639,0.0,0.0,0.0,0.0,0.0,0.0
1778600061.1681767,0.0,0.0,0.0,0.0,0.0,0.0
1778600061.2136886,0.0,0.0,0.0,0.0,0.0,0.0
1778600061.273503,0.0,0.0,0.0,0.0,0.0,0.0
1778600061.31413,0.0,0.0,0.0,0.0,0.0,0.0
1778600061.3563554,0.0,0.0,0.0,0.0,0.0,0.0
1778600061.4047694,0.0,0.0,0.0,0.0,0.0,0.0
1778600061.4641926,0.0,0.0,0.0,0.0,0.0,0.0
1778600061.4973834,0.0,0.0,0.0,0.0,0.0,0.0
1778600061.5536962,0.0,0.0,0.0,0.0,0.0,0.0
1778600061.5945103,0.0,0.0,0.0,0.0,0.0,0.0
1778600061.646017,0.0,0.0,0.0,0.0,0.0,0.0
1778600061.693627,0.0,0.0,0.0,0.0,0.0,0.0
1778600061.7330728,0.0,0.0,0.0,0.0,0.0,0.0
1778600061.7854884,0.0,0.0,0.0,0.0,0.0,0.0
1778600061.8434277,0.0,0.0,0.0,0.0,0.0,0.0
1778600061.8800716,0.0,0.0,0.0,0.0,0.0,0.0
1778600061.9301212,0.0,0.0,0.0,0.0,0.0,0.0
1778600061.975338,0.0,0.0,0.0,0.0,0.0,0.0
1778600062.0210006,0.0,0.0,0.0,0.0,0.0,0.0
1778600062.0676382,0.0,0.0,0.0,0.0,0.0,0.0
1778600062.114888,0.0,0.0,0.0,0.0,0.0,0.0
1778600062.1654532,0.0,0.0,0.0,0.0,0.0,0.0
1778600062.2091074,0.0,0.0,0.0,0.0,0.0,0.0
1778600062.2572424,0.0,0.0,0.0,0.0,0.0,0.0
